header,subHeader,content
coolmate.me,1,ÃO POLO CAFÃ‰ KIá»‚M SOÃT MÃ™I CHO Cáº¢ NGÃ€Y Sáº CH MÃT
iviettech.vn,1,Há»c láº­p trÃ¬nh cÆ¡ báº£n vá»›i C Ä‘á»ƒ gia nháº­p ngÃ nh CNTT
coolmate.me,1,POLO EXCOOL GIáº¢M Máº NH 23% SUá»T TUáº¦N
mediamart.vn,1,Táº·ng thÃªm Bá»™ phiáº¿u mua hÃ ng 10 Triá»‡u
coolmate.me,1,MUA QUáº¦N KAKI EXCOOL Táº¶NG ÃO PHÃ”NG COTTON
iviettech.vn,1,Há»c láº­p trÃ¬nh Java fullstack - Cam káº¿t há»— trá»£ viá»‡c lÃ m Ä‘Ãºng nghá»
coolmate.me,1,Táº¶NG TRUNK COTTON COMPACT KHI MUA ÃO POLO
arena-multimedia.vn,1,Cuá»™c thi sÃ¡ng táº¡o: Há»a sáº¯c Vincom
galaxya14-5g.thegioididong.com,1,Galaxy A14 5G GiÃ¡ Tá»‘t
coolmate.me,1,CHINH PHá»¤C ÄÆ¯á»œNG CHáº Y Má»–I NGÃ€Y Vá»šI SHORTS ULTRA FAST
coolmate.me,1,GIáº¢M 10% KHI MUA 2 ÃO PHÃ”NG COTTON Má»šI
viettelstore.vn,1,Galaxy Tab S9 Series ğŸ’¥ Æ¯u Ä‘Ã£i lÃªn Ä‘áº¿n 11.500.000Ä‘
prep.vn,1,ÄÄ‚NG KÃ Há»ŒC IELTS NGAY 6.5+ Vá»€ TAY
viettelstore.vn,1,realme 11 GiÃ¡ chá»‰ 6.990.000Ä‘
thegioididong.com,1,Asus Vivobook Tá»« 6.490.000Ä‘
12vpx.com,1,12VPX
cellphones.com.vn,1,CellphoneS - Há»‡ thá»‘ng bÃ¡n láº» di Ä‘á»™ng toÃ n quá»‘c
shopee.vn,1,ğŸ’¥ SALE TO ğŸ’¥ SIÃŠU SALE
popeyes.vn,1,POPEYES - MUA 1 Táº¶NG 1 CHá»ˆ 63K
gearvn.com,1,Gearvn
seeson.vn,1,THE CLASSICS
shopee.vn,1,âš ï¸ MAMA KING SIÃŠU SALE
agribank.com.vn,1,Chuyá»ƒn du lá»‹ch trá»‹ giÃ¡ 45tr Ä‘ang chá» báº¡n`
pnj.com.vn,1,PNJ Watch
yclnhds.shop,1,It's in the middle of seconds!
agribank.com.vn,1,Chuyá»ƒn du lá»‹ch trá»‹ giÃ¡ 45tr Ä‘ang chá» báº¡n
mediamart.vn,1,Táº·ng thÃªm Bá»™ phiáº¿u mua hÃ ng 10 Triá»‡u
12vpx.com,1,12VPX
shopee.vn,1,JBAGY Menswear
agribank.com.vn,1,Chuyá»ƒn du lá»‹ch trá»‹ giÃ¡ 45tr Ä‘ang chá» báº¡n
rwsentosa.com,1,Resorts World Sentosa
prep.vn,1,ÄÄ‚NG KÃ Há»ŒC IELTS NGAY 6.5+ Vá»€ TAY
mediamart.vn,1,Táº·ng thÃªm Bá»™ phiáº¿u mua hÃ ng 10 Triá»‡u
agribank.com.vn,1,Chuyá»ƒn du lá»‹ch trá»‹ giÃ¡ 45tr Ä‘ang chá» báº¡n
festival.kidsplaza.vn,1,ÄÄƒng kÃ½ miá»…n phÃ­ + 100% nháº­n quÃ 
12vpx.com,1,12VPX
arena-multimedia.vn,1,Cuá»™c thi sÃ¡ng táº¡o: Há»a sáº¯c Vincom
https://shope.ee/2l2g7b6vxv,1,SALE OFF 40%
mediamart.vn,1,Táº·ng thÃªm Bá»™ phiáº¿u mua hÃ ng 10 Triá»‡u
arena-multimedia.vn,1,Cuá»™c thi sÃ¡ng táº¡o: Há»a sáº¯c Vincom
shopee.vn,1,JBAGY Menswear
mediamart.vn,1,Táº·ng thÃªm Bá»™ phiáº¿u mua hÃ ng 10 Triá»‡u
agribank.com.vn,1,FLEX KHO QUÃ€ Cá»°C KHá»¦NG KHI ÄÄ‚NG KÃ AGRIBANK E-MOBILE BANKING
shopee.vn,1,JBAGY Menswear
rwsentosa.com,1,Resorts World Sentosa
12vpx.com,1,12VPX
agribank.com.vn,1,Chuyá»ƒn du lá»‹ch trá»‹ giÃ¡ 45tr Ä‘ang chá» báº¡n
rwsentosa.com,1,Resorts World Sentosa
vietnamnet.vn,1,TrÃºng iPhone 14 ProMax nhá» má»Ÿ tÃ i khoáº£n trá»±c tuyáº¿n Agribank E-Mobile Bankingheader,subHeader,content
masinvest.masvn.com,1,MASINVEST CUP 2023 - CÆ  Há»˜I VÃ€NG CHO SINH VIÃŠN Äáº¦U TÆ¯ CHá»¨NG KHOÃN
phongvu.vn,1,Giáº£m 500K cho Laptop HP
header,subHeader,content
coolmate.me,1,MUA KAKI EXCOOL Táº¶NG ÃO PHÃ”NG COTTON
thegioididong.com,1,Laptop MSI Gaming Tá»« 14.990.000Ä‘
